,title,genre,studio,number_of_episodes,release_date,content_type,viewer_reviews,source,year
13,Your Name.,"Drama, Romance, Supernatural",CoMix Wave,1,2016-08-01,Movie,85.0,AniList,2016.0
14,A Silent Voice,"Drama, Romance, Slice of Life",Kyoto Animation,1,2016-09-01,Movie,88.0,AniList,2016.0
46,Demon Slayer -Kimetsu no Yaiba- The Movie: Mugen Train,"Action, Adventure, Drama, Fantasy, Mystery, Supernatural",ufotable,1,2020-10-01,Movie,84.0,AniList,2020.0
53,Spirited Away,"Adventure, Drama, Fantasy, Supernatural",Studio Ghibli,1,2001-07-01,Movie,86.0,AniList,2001.0
85,JUJUTSU KAISEN 0,"Action, Supernatural",MAPPA,1,2021-12-01,Movie,84.0,AniList,2021.0
102,Howl‘s Moving Castle,"Adventure, Drama, Fantasy, Romance",Studio Ghibli,1,2004-11-01,Movie,85.0,AniList,2004.0
103,I Want to Eat Your Pancreas,"Drama, Romance, Slice of Life",Studio VOLN,1,2018-09-01,Movie,84.0,AniList,2018.0
106,Weathering With You,"Drama, Romance, Slice of Life, Supernatural",CoMix Wave,1,2019-07-01,Movie,81.0,AniList,2019.0
141,Princess Mononoke,"Action, Adventure, Drama, Fantasy",Studio Ghibli,1,1997-07-01,Movie,85.0,AniList,1997.0
161,My Neighbor Totoro,"Adventure, Fantasy, Slice of Life, Supernatural",Studio Ghibli,1,1988-04-01,Movie,80.0,AniList,1988.0
185,The Garden of Words,"Drama, Psychological, Romance, Slice of Life",CoMix Wave,1,2013-05-01,Movie,75.0,AniList,2013.0
187,5 Centimeters per Second,"Drama, Romance, Slice of Life",CoMix Wave,3,2007-02-01,Movie,72.0,AniList,2007.0
189,Rascal Does Not Dream of a Dreaming Girl,"Drama, Psychological, Romance, Supernatural",CloverWorks,1,2019-06-01,Movie,84.0,AniList,2019.0
196,Neon Genesis Evangelion: The End of Evangelion,"Action, Drama, Mecha, Psychological, Sci-Fi",Gainax,1,1997-07-01,Movie,85.0,AniList,1997.0
208,KONOSUBA -God's blessing on this wonderful world!- Legend of Crimson,"Action, Adventure, Comedy, Ecchi, Fantasy, Supernatural",J.C.STAFF,1,2019-08-01,Movie,83.0,AniList,2019.0
222,"No Game, No Life Zero","Action, Adventure, Drama, Fantasy, Romance",MADHOUSE,1,2017-07-01,Movie,80.0,AniList,2017.0
231,Perfect Blue,"Drama, Horror, Psychological, Thriller",MADHOUSE,1,1998-02-01,Movie,85.0,AniList,1998.0
235,Akira,"Action, Adventure, Horror, Psychological, Sci-Fi, Supernatural",Tokyo Movie Shinsha,1,1988-07-01,Movie,79.0,AniList,1988.0
236,My Hero Academia: Two Heroes,"Action, Comedy, Drama, Sci-Fi",bones,1,2018-08-01,Movie,74.0,AniList,2018.0
246,Attack on Titan Final Season THE FINAL CHAPTERS Special 1,"Action, Drama, Fantasy, Mystery, Psychological",MAPPA,1,2023-03-01,Special,87.0,AniList,2023.0
267,Into the Forest of Fireflies' Light,"Drama, Fantasy, Romance, Supernatural",Aniplex,1,2011-09-01,Movie,79.0,AniList,2011.0
273,Wolf Children,"Drama, Fantasy, Romance, Slice of Life",MADHOUSE,1,2012-06-01,Movie,83.0,AniList,2012.0
277,Sword Art Online the Movie: Ordinal Scale,"Action, Adventure, Fantasy, Romance, Sci-Fi",A-1 Pictures,1,2017-02-01,Movie,73.0,AniList,2017.0
284,Grave of the Fireflies,Drama,Studio Ghibli,1,1988-04-01,Movie,83.0,AniList,1988.0
293,Violet Evergarden: the Movie,"Drama, Fantasy, Slice of Life",Kyoto Animation,1,2020-09-01,Movie,87.0,AniList,2020.0
309,A Whisker Away,"Drama, Fantasy, Romance",Studio Colorido,1,2020-06-01,Movie,72.0,AniList,2020.0
315,Kiki's Delivery Service,"Adventure, Drama, Fantasy, Slice of Life",Studio Ghibli,1,1989-07-01,Movie,81.0,AniList,1989.0
316,Ponyo,"Adventure, Fantasy",Studio Ghibli,1,2008-07-01,Movie,79.0,AniList,2008.0
324,The Girl Who Leapt Through Time,"Drama, Romance, Sci-Fi",MADHOUSE,1,2006-07-01,Movie,78.0,AniList,2006.0
335,Suzume,"Adventure, Fantasy, Mystery, Supernatural",CoMix Wave,1,2022-11-01,Movie,82.0,AniList,2022.0
339,My Hero Academia: Heroes Rising,"Action, Sci-Fi",bones,1,2019-12-01,Movie,78.0,AniList,2019.0
359,Kizumonogatari Part 1: Tekketsu,"Action, Drama, Ecchi, Mystery, Psychological, Supernatural",Aniplex,1,2016-01-01,Movie,83.0,AniList,2016.0
361,"Josee, the Tiger and the Fish","Drama, Romance, Slice of Life",bones,1,2020-12-01,Movie,82.0,AniList,2020.0
364,Ghost in the Shell,"Action, Psychological, Sci-Fi",Production I.G,1,1995-11-01,Movie,80.0,AniList,1995.0
377,Made in Abyss: Dawn of the Deep Soul,"Action, Adventure, Drama, Fantasy, Horror, Mystery, Psychological, Sci-Fi",Kinema Citrus,1,2020-01-01,Movie,85.0,AniList,2020.0
411,The Disappearance of Haruhi Suzumiya,"Drama, Mystery, Sci-Fi, Supernatural",Kyoto Animation,1,2010-02-01,Movie,86.0,AniList,2010.0
420,Kizumonogatari Part 3: Reiketsu,"Action, Drama, Ecchi, Mystery, Psychological, Supernatural",Shaft,1,2017-01-01,Movie,87.0,AniList,2017.0
424,Attack on Titan Final Season THE FINAL CHAPTERS Special 2,"Action, Drama, Fantasy, Psychological, Romance",MAPPA,1,2023-11-01,Special,87.0,AniList,2023.0
425,Paprika,"Fantasy, Mystery, Psychological, Sci-Fi, Thriller",MADHOUSE,1,2006-11-01,Movie,78.0,AniList,2006.0
433,Kizumonogatari Part 2: Nekketsu,"Action, Drama, Ecchi, Mystery, Psychological, Supernatural",Shaft,1,2016-08-01,Movie,85.0,AniList,2016.0
434,Fate/stay night [Heaven's Feel] I. presage flower,"Action, Fantasy, Psychological, Supernatural",ufotable,1,2017-10-01,Movie,80.0,AniList,2017.0
440,Maquia: When the Promised Flower Blooms,"Drama, Fantasy, Psychological",P.A.WORKS,1,2018-02-01,Movie,82.0,AniList,2018.0
441,Evangelion: 1.0 You Are (Not) Alone,"Action, Drama, Mecha, Psychological, Sci-Fi",Gainax,1,2007-09-01,Movie,77.0,AniList,2007.0
446,Steins;Gate The Movie – Load Region of Déjà Vu,"Drama, Romance, Sci-Fi, Thriller",Frontier Works,1,2013-04-01,Movie,82.0,AniList,2013.0
448,Violet Evergarden: Eternity and the Auto Memory Doll,"Drama, Fantasy, Slice of Life",Kyoto Animation,1,2019-09-01,Movie,83.0,AniList,2019.0
450,The Last: Naruto the Movie,"Action, Romance",Studio Pierrot,1,2014-12-01,Movie,75.0,AniList,2014.0
477,Evangelion: 2.0 You Can (Not) Advance,"Action, Drama, Mecha, Psychological, Sci-Fi",Gainax,1,2009-07-01,Movie,81.0,AniList,2009.0
488,Castle in the Sky,"Adventure, Fantasy, Sci-Fi",Studio Ghibli,1,1986-08-01,Movie,80.0,AniList,1986.0
506,Fate/stay night [Heaven's Feel] II. lost butterfly,"Action, Fantasy, Psychological, Romance, Supernatural, Thriller",ufotable,1,2019-01-01,Movie,84.0,AniList,2019.0
514,KONOSUBA -God's blessing on this wonderful world!: God's Blessings On This Wonderful Choker!,"Comedy, Ecchi, Fantasy",Studio DEEN,1,2016-06-01,Ova,76.0,AniList,2016.0
544,Evangelion: 3.0 You Can (Not) Redo,"Action, Drama, Mecha, Psychological, Sci-Fi",Studio Khara,1,2012-11-01,Movie,75.0,AniList,2012.0
558,Dragon Ball Super: Broly,"Action, Adventure, Fantasy, Sci-Fi",Toei Animation,1,2018-12-01,Movie,80.0,AniList,2018.0
559,Tamako -love story-,"Romance, Slice of Life",Kyoto Animation,1,2014-04-01,Movie,79.0,AniList,2014.0
563,Summer Wars,"Action, Comedy, Drama, Romance, Sci-Fi",MADHOUSE,1,2009-08-01,Movie,77.0,AniList,2009.0
566,Steins;Gate: Egoistic Poriomania,"Comedy, Romance, Sci-Fi",Frontier Works,1,2012-02-01,Ova,80.0,AniList,2012.0
571,Puella Magi Madoka Magica the Movie Part III: Rebellion,"Drama, Fantasy, Mahou Shoujo, Mystery, Psychological, Thriller",Aniplex,1,2013-10-01,Movie,84.0,AniList,2013.0
575,Fate/stay night [Heaven’s Feel] III. spring song,"Action, Drama, Fantasy, Psychological, Supernatural, Thriller",ufotable,1,2020-08-01,Movie,85.0,AniList,2020.0
583,Evangelion: 3.0+1.0 Thrice Upon a Time,"Action, Drama, Mecha, Psychological, Sci-Fi",Studio Khara,1,2021-03-01,Movie,85.0,AniList,2021.0
586,the Garden of sinners Chapter 1: Thanatos. (Overlooking View),"Action, Mystery, Supernatural, Thriller",Aniplex,1,2007-12-01,Movie,73.0,AniList,2007.0
587,Violet Evergarden: Special,"Drama, Fantasy, Romance, Slice of Life",Kyoto Animation,1,2018-07-01,Ova,82.0,AniList,2018.0
592,Promare,"Action, Mecha, Sci-Fi",TRIGGER,1,2019-05-01,Movie,78.0,AniList,2019.0
593,KONOSUBA -God's blessing on this wonderful world! 2: God's Blessings on These Wonderful Works of Art!,"Adventure, Comedy, Fantasy",Studio DEEN,1,2017-07-01,Ova,78.0,AniList,2017.0
595,The Boy and The Beast,"Action, Adventure, Comedy, Drama, Fantasy, Supernatural",Studio Chizu,1,2015-07-01,Movie,79.0,AniList,2015.0
608,Redline,"Action, Romance, Sci-Fi, Sports",MADHOUSE,1,2009-08-01,Movie,81.0,AniList,2009.0
618,The Wind Rises,"Drama, Romance",Studio Ghibli,1,2013-07-01,Movie,80.0,AniList,2013.0
620,Dr. STONE Special Episode – RYUSUI,"Action, Adventure, Comedy, Sci-Fi",TMS Entertainment,1,2022-07-01,Special,81.0,AniList,2022.0
621,Whisper of the Heart,"Adventure, Drama, Romance, Slice of Life",Studio Ghibli,1,1995-07-01,Movie,81.0,AniList,1995.0
633,Nausicaä of the Valley of the Wind,"Action, Adventure, Drama, Fantasy, Sci-Fi",Studio Hibari,1,1984-03-01,Movie,81.0,AniList,1984.0
639,The Secret World of Arrietty,"Adventure, Drama, Fantasy",Studio Ghibli,1,2010-07-01,Movie,77.0,AniList,2010.0
647,Little Witch Academia,"Comedy, Fantasy",TRIGGER,1,2013-03-01,Movie,76.0,AniList,2013.0
662,The Quintessential Quintuplets Movie,"Comedy, Drama, Romance, Slice of Life",Bibury Animation Studios,1,2022-05-01,Movie,78.0,AniList,2022.0
667,Boruto: Naruto the Movie,"Action, Adventure, Comedy",Studio Pierrot,1,2015-08-01,Movie,70.0,AniList,2015.0
674,The Anthem of the Heart,"Drama, Music, Romance, Slice of Life, Supernatural",A-1 Pictures,1,2015-09-01,Movie,76.0,AniList,2015.0
680,Ride Your Wave,"Drama, Fantasy, Romance",Science SARU,1,2019-06-01,Movie,75.0,AniList,2019.0
689,Sword Art Online the Movie -Progressive- Aria of a Starless Night,"Action, Adventure, Fantasy, Romance",A-1 Pictures,1,2021-10-01,Movie,78.0,AniList,2021.0
691,GOBLIN SLAYER -GOBLIN’S CROWN-,"Action, Adventure, Fantasy",WHITE FOX,1,2020-02-01,Movie,71.0,AniList,2020.0
693,Given The Movie,"Drama, Music, Romance",Lerche,1,2020-08-01,Movie,80.0,AniList,2020.0
701,My Hero Academia: World Heroes' Mission,"Action, Adventure, Sci-Fi",bones,1,2021-08-01,Movie,76.0,AniList,2021.0
705,Words Bubble Up Like Soda Pop,"Romance, Slice of Life",Signal.MD,1,2021-07-01,Movie,74.0,AniList,2021.0
717,Code Geass: Lelouch of the Re;surrection,"Action, Drama, Mecha, Sci-Fi",Sunrise,1,2019-02-01,Movie,77.0,AniList,2019.0
725,That Time I Got Reincarnated as a Slime the Movie: Scarlet Bond,"Action, Adventure, Comedy, Fantasy",8-bit,1,2022-11-01,Movie,77.0,AniList,2022.0
728,HELLO WORLD,"Drama, Psychological, Romance, Sci-Fi",Graphinica,1,2019-09-01,Movie,73.0,AniList,2019.0
733,One-Punch Man: Road to Hero,"Action, Comedy, Sci-Fi, Supernatural",MADHOUSE,1,2015-12-01,Ova,75.0,AniList,2015.0
737,The Seven Deadly Sins the Movie: Prisoners of the Sky,"Action, Adventure, Fantasy",A-1 Pictures,1,2018-08-01,Movie,69.0,AniList,2018.0
745,Saga of Tanya the Evil - the Movie -,"Action, Fantasy",NUT,1,2019-02-01,Movie,81.0,AniList,2019.0
757,K-ON!: The Movie,"Comedy, Music, Slice of Life",Kyoto Animation,1,2011-12-01,Movie,83.0,AniList,2011.0
758,The Future Diary: Redial,"Action, Psychological, Supernatural",Asread,1,2013-06-01,Ova,68.0,AniList,2013.0
761,Black Clover: Sword of the Wizard King,"Action, Adventure, Comedy, Fantasy",Shueisha,1,2023-06-01,Movie,80.0,AniList,2023.0
763,Kaguya-sama wa Kokurasetai: Tensaitachi no Renai Zunousen OVA,"Comedy, Ecchi, Romance, Slice of Life",Shueisha,1,2021-05-01,Ova,75.0,AniList,2021.0
768,Bungo Stray Dogs: DEAD APPLE,"Action, Comedy, Mystery, Supernatural",bones,1,2018-03-01,Movie,78.0,AniList,2018.0
769,The Disastrous Life of Saiki K. Season 3,"Comedy, Slice of Life, Supernatural",J.C.STAFF,1,2018-12-01,Special,81.0,AniList,2018.0
784,Tokyo Godfathers,"Adventure, Comedy, Drama",MADHOUSE,1,2003-11-01,Movie,81.0,AniList,2003.0
790,When Marnie Was There,"Drama, Mystery, Psychological",Studio Ghibli,1,2014-07-01,Movie,78.0,AniList,2014.0
793,SPY x FAMILY CODE: White,"Action, Adventure, Comedy, Slice of Life, Supernatural",WIT STUDIO,1,2023-12-01,Movie,81.0,AniList,2023.0
801,LOOK BACK,"Drama, Slice of Life",Studio Durian,1,2024-06-01,Movie,87.0,AniList,2024.0
813,Kuroko's Basketball: Last Game,"Comedy, Sports",Production I.G,1,2017-03-01,Movie,79.0,AniList,2017.0
814,"Love, Chunibyo & Other Delusions: Take on Me","Comedy, Drama, Romance, Slice of Life",Kyoto Animation,1,2018-01-01,Movie,80.0,AniList,2018.0
820,Doukyuusei -Classmates-,"Drama, Music, Romance, Slice of Life",Half H.P Studio,1,2016-02-01,Movie,81.0,AniList,2016.0
825,Cowboy Bebop: The Movie - Knockin' on Heaven's Door,"Action, Drama, Mystery, Sci-Fi",bones,1,2001-09-01,Movie,82.0,AniList,2001.0
827,"The Tunnel to Summer, the Exit of Goodbyes","Drama, Romance, Supernatural",CLAP,1,2022-09-01,Movie,78.0,AniList,2022.0
848,Steins;Gate 0: 23β -Divide by Zero-,"Drama, Psychological, Sci-Fi, Thriller",WHITE FOX,1,2015-12-01,Ova,81.0,AniList,2015.0
866,Patema Inverted,"Adventure, Romance, Sci-Fi",Asmik Ace,1,2013-11-01,Movie,77.0,AniList,2013.0
868,Sword Art Online EXTRA EDITION,"Action, Adventure, Fantasy, Romance",A-1 Pictures,1,2013-12-01,Special,61.0,AniList,2013.0
886,HAIKYU!! The Dumpster Battle,"Comedy, Drama, Sports",Toho,1,2024-02-01,Movie,86.0,AniList,2024.0
887,"Love, Chunibyo & Other Delusions: Glimmering...Explosive Festival (Slapstick Noel)","Comedy, Romance, Slice of Life",Kyoto Animation,1,2013-06-01,Ova,73.0,AniList,2013.0
895,Miss Kobayashi's Dragon Maid: Valentines and Hot Springs! (Please Don't Get Your Hopes Up),"Comedy, Fantasy, Romance, Slice of Life",Kyoto Animation,1,2017-09-01,Ova,76.0,AniList,2017.0
897,Sword of the Stranger,"Action, Adventure",bones,1,2007-09-01,Movie,79.0,AniList,2007.0
898,The Cat Returns,"Adventure, Comedy, Drama, Fantasy",Studio Ghibli,1,2002-07-01,Movie,75.0,AniList,2002.0
904,My Teen Romantic Comedy SNAFU OVA,"Comedy, Romance, Slice of Life",Brain's Base,1,2013-09-01,Ova,74.0,AniList,2013.0
905,The Stranger by the Shore,"Drama, Romance, Slice of Life",Studio Hibari,1,2020-09-01,Movie,77.0,AniList,2020.0
908,Anohana the Movie: The Flower We Saw That Day,"Drama, Romance, Slice of Life, Supernatural",Aniplex,1,2013-08-01,Movie,75.0,AniList,2013.0
920,Fireworks,"Drama, Romance, Supernatural",Shaft,1,2017-08-01,Movie,59.0,AniList,2017.0
928,Mushoku Tensei: Jobless Reincarnation Cour 2 - Eris the Goblin Slayer,"Adventure, Drama, Fantasy",Studio Bind,1,2022-03-01,Special,78.0,AniList,2022.0
953,Dragon Ball Z: Battle of Gods,"Action, Adventure, Comedy, Sci-Fi",Toei Animation,1,2013-03-01,Movie,71.0,AniList,2013.0
955,Porco Rosso,"Action, Adventure, Comedy, Drama, Romance",Studio Ghibli,1,1992-07-01,Movie,78.0,AniList,1992.0
959,My Teen Romantic Comedy SNAFU TOO! OVA,"Comedy, Romance, Slice of Life",feel.,1,2016-10-01,Ova,78.0,AniList,2016.0
969,Road to Ninja: Naruto the Movie,"Action, Adventure",Studio Pierrot,1,2012-07-01,Movie,74.0,AniList,2012.0
970,I've Always Liked You,"Drama, Romance, Slice of Life",Qualia Animation,1,2016-04-01,Movie,70.0,AniList,2016.0
982,Liz and the Blue Bird,"Drama, Music, Slice of Life",Kyoto Animation,1,2018-04-01,Movie,83.0,AniList,2018.0
984,One Piece Film: Red,"Action, Adventure, Comedy, Drama, Fantasy, Music",Toei Animation,1,2022-08-01,Movie,78.0,AniList,2022.0
985,Fate/Grand Order: First Order,"Action, Fantasy",Lay-duce,1,2016-12-01,Special,65.0,AniList,2016.0
986,The Tale of The Princess Kaguya,"Drama, Fantasy, Romance",Studio Ghibli,1,2013-11-01,Movie,81.0,AniList,2013.0
991,Is It Wrong to Try to Pick Up Girls in a Dungeon?: Arrow of the Orion,"Action, Adventure, Comedy, Fantasy, Romance",J.C.STAFF,1,2019-02-01,Movie,73.0,AniList,2019.0
999,Beyond the Boundary -I'LL BE HERE-: Future,"Action, Drama, Fantasy, Romance, Slice of Life, Supernatural",Kyoto Animation,1,2015-04-01,Movie,79.0,AniList,2015.0
1011,WONDER EGG PRIORITY: My Priority,"Action, Drama, Fantasy, Mystery, Psychological, Sci-Fi, Thriller",CloverWorks,1,2021-06-01,Special,49.0,AniList,2021.0
1017,Boku no Hero Academia: Sukue! Kyuujo Kunren!,"Action, Adventure, Comedy, Supernatural",bones,1,2017-04-01,Ova,70.0,AniList,2017.0
1031,PSYCHO-PASS: The Movie,"Action, Sci-Fi",Production I.G,1,2015-01-01,Movie,75.0,AniList,2015.0
1035,BELLE,"Drama, Music, Mystery, Sci-Fi",Studio Chizu,1,2021-07-01,Movie,73.0,AniList,2021.0
1050,the Garden of sinners Chapter 2: …and nothing heart. (Murder Speculation Part A),"Action, Mystery, Romance, Supernatural, Thriller",ufotable,1,2007-12-01,Movie,75.0,AniList,2007.0
1052,Flavors of Youth,"Drama, Romance, Slice of Life",Haoliners Animation,3,2018-08-01,Movie,69.0,AniList,2018.0
1057,Death Billiards,"Drama, Mystery, Psychological, Thriller",MADHOUSE,1,2013-03-01,Movie,77.0,AniList,2013.0
1063,High School of the Dead: Drifters of the Dead,"Comedy, Ecchi, Supernatural",MADHOUSE,1,2011-04-01,Ova,62.0,AniList,2011.0
1068,"Clannad: Another World, Tomoyo Chapter","Drama, Romance, Slice of Life",Kyoto Animation,1,2008-07-01,Ova,77.0,AniList,2008.0
1077,Hunter x Hunter: Phantom Rouge,"Action, Adventure, Fantasy",MADHOUSE,1,2013-01-01,Movie,71.0,AniList,2013.0
1081,In This Corner of the World,"Drama, Slice of Life",MAPPA,1,2016-11-01,Movie,81.0,AniList,2016.0
1087,The Labyrinth of Grisaia,"Drama, Ecchi, Romance",8-bit,1,2015-04-01,Special,76.0,AniList,2015.0
1096,Millennium Actress,"Drama, Fantasy, Romance",MADHOUSE,1,2002-09-01,Movie,81.0,AniList,2002.0
1098,"the Garden of sinners Chapter 3: ever cry, never life. (Remaining Sense of Pain)","Action, Drama, Mystery, Supernatural, Thriller",ufotable,1,2008-02-01,Movie,77.0,AniList,2008.0
1101,Rascal Does Not Dream of a Sister Venturing Out,"Drama, Psychological, Supernatural",CloverWorks,1,2023-06-01,Movie,79.0,AniList,2023.0
1102,One Piece Film: Z,"Action, Adventure, Comedy, Drama",Toei Animation,1,2012-12-01,Movie,79.0,AniList,2012.0
1106,Kill la Kill: GOODBYE AGAIN,"Action, Comedy, Ecchi",TRIGGER,1,2014-09-01,Ova,75.0,AniList,2014.0
1107,the Garden of sinners Chapter 5: Paradox Paradigm,"Action, Drama, Mystery, Romance, Supernatural, Thriller",ufotable,1,2008-08-01,Movie,84.0,AniList,2008.0
1109,From Up on Poppy Hill,"Drama, Romance, Slice of Life",Studio Ghibli,1,2011-07-01,Movie,75.0,AniList,2011.0
1120,Angel's Egg,"Drama, Fantasy, Psychological",Studio Gallop,1,1985-12-01,Ova,76.0,AniList,1985.0
1126,Pokémon: The First Movie,"Action, Adventure, Drama, Fantasy, Sci-Fi",TV Tokyo,1,1998-07-01,Movie,74.0,AniList,1998.0
1128,Charlotte: Strong People,"Comedy, Drama, Supernatural",P.A.WORKS,1,2016-03-01,Ova,73.0,AniList,2016.0
1134,Neon Genesis Evangelion: Death & Rebirth,"Drama, Mecha, Psychological, Sci-Fi",Gainax,1,1997-03-01,Movie,73.0,AniList,1997.0
1140,TONIKAWA: Over The Moon For You ~SNS~,"Comedy, Romance, Slice of Life",Seven Arcs,1,2021-08-01,Ova,79.0,AniList,2021.0
1151,Tokyo Ghoul: [JACK],"Drama, Horror, Supernatural",Studio Pierrot,1,2015-09-01,Ova,70.0,AniList,2015.0
1161,One Piece: Stampede,"Action, Adventure, Comedy, Drama, Fantasy",Toei Animation,1,2019-08-01,Movie,80.0,AniList,2019.0
1173,the Garden of sinners Chapter 4: garan-no-dou. (The Hollow Shrine),"Action, Mystery, Supernatural, Thriller",ufotable,1,2008-05-01,Movie,75.0,AniList,2008.0
1184,Saekano the Movie: Finale,"Comedy, Romance, Slice of Life",CloverWorks,1,2019-10-01,Movie,83.0,AniList,2019.0
1186,Dragon Ball Z: Resurrection 'F',"Action, Adventure, Comedy, Sci-Fi",Toei Animation,1,2015-04-01,Movie,66.0,AniList,2015.0
1194,Naruto Shippuden the Movie,"Action, Adventure, Comedy, Fantasy",Studio Pierrot,1,2007-08-01,Movie,69.0,AniList,2007.0
1206,Danganronpa 3: The End of Hope's Peak High School - Hope Arc,"Action, Psychological, Sci-Fi, Thriller",Lerche,1,2016-09-01,Special,70.0,AniList,2016.0
1209,"Clannad: Another World, Kyou Chapter","Drama, Romance, Slice of Life",Kyoto Animation,1,2009-07-01,Ova,75.0,AniList,2009.0
1212,Sword Art Online the Movie -Progressive- Scherzo of Deep Night,"Action, Adventure, Fantasy, Romance",Aniplex,1,2022-10-01,Movie,76.0,AniList,2022.0
1216,Little Witch Academia: The Enchanted Parade,"Comedy, Fantasy",TRIGGER,1,2015-10-01,Movie,76.0,AniList,2015.0
1222,Rascal Does Not Dream of a Knapsack Kid,"Drama, Psychological, Romance, Supernatural",CloverWorks,1,2023-12-01,Movie,83.0,AniList,2023.0
1223,Naruto Shippuden the Movie: Blood Prison,"Action, Adventure, Mystery",Studio Pierrot,1,2011-07-01,Movie,71.0,AniList,2011.0
1231,Blue Exorcist: The Movie,"Action, Fantasy, Supernatural",Aniplex,1,2012-12-01,Movie,73.0,AniList,2012.0
1232,Children who Chase Lost Voices,"Adventure, Drama, Fantasy, Romance",Media Factory,1,2011-05-01,Movie,71.0,AniList,2011.0
1236,The Boy and the Heron,"Adventure, Drama, Fantasy, Supernatural",Studio Ghibli,1,2023-07-01,Movie,77.0,AniList,2023.0
1237,K: MISSING KINGS,"Action, Supernatural",Starchild Records,1,2014-07-01,Movie,74.0,AniList,2014.0
1238,Fullmetal Alchemist: The Movie - Conqueror of Shamballa,"Action, Comedy, Drama, Fantasy",bones,1,2005-07-01,Movie,70.0,AniList,2005.0
1241,Gintama: The Final Chapter - Be Forever Yorozuya,"Action, Comedy, Sci-Fi",Sunrise,1,2013-07-01,Movie,87.0,AniList,2013.0
1245,Tokyo Ghoul: [PINTO],"Drama, Horror, Supernatural",Studio Pierrot,1,2015-12-01,Ova,69.0,AniList,2015.0
1251,Date A Live: Date to Date,"Comedy, Ecchi, Romance, Sci-Fi",AIC Plus+,1,2013-12-01,Ova,70.0,AniList,2013.0
1253,One Piece Film: Gold,"Action, Adventure, Comedy, Drama, Fantasy",Toei Animation,1,2016-07-01,Movie,77.0,AniList,2016.0
1255,Date A Live Mayuri Judgement,"Action, Comedy, Ecchi, Fantasy, Mecha, Romance, Sci-Fi",AIC Plus+,1,2015-08-01,Movie,70.0,AniList,2015.0
1261,Colorful ~ The Motion Picture,"Drama, Slice of Life, Supernatural",Sunrise,1,2010-08-01,Movie,75.0,AniList,2010.0
1262,Hyouka: What Should Be Had,"Mystery, Slice of Life",Kyoto Animation,1,2012-07-01,Ova,72.0,AniList,2012.0
1264,the Garden of sinners Chapter 7: ……not nothing heart. (Murder Speculation Part B),"Action, Mystery, Romance, Supernatural, Thriller",ufotable,1,2009-08-01,Movie,82.0,AniList,2009.0
1267,Kase-san and Morning Glories,"Romance, Slice of Life",ZEXCS,1,2018-06-01,Ova,76.0,AniList,2018.0
1268,Fate/stay night: Unlimited Blade Works (Movie),"Action, Drama, Fantasy, Supernatural",Studio DEEN,1,2010-01-01,Movie,69.0,AniList,2010.0
1269,OVERLORD: The Sacred Kingdom,"Action, Adventure, Fantasy",MADHOUSE,1,2024-09-01,Movie,78.0,AniList,2024.0
1272,One Piece Film: Strong World,"Action, Adventure, Comedy, Drama, Fantasy",Toei Animation,1,2009-12-01,Movie,78.0,AniList,2009.0
1277,Naruto Shippuden the Movie: The Lost Tower,"Action, Comedy",Studio Pierrot,1,2010-07-01,Movie,70.0,AniList,2010.0
1284,the Garden of sinners Chapter 6: Fairy Tale. (Oblivion Recording),"Action, Mystery, Romance, Supernatural, Thriller",ufotable,1,2008-12-01,Movie,70.0,AniList,2008.0
1285,Jin-Roh: The Wolf Brigade,"Action, Drama, Psychological, Romance, Thriller",Production I.G,1,2000-06-01,Movie,76.0,AniList,2000.0
1289,Berserk: The Golden Age Arc I - The Egg of the King,"Action, Adventure, Fantasy, Supernatural",Horipro,1,2012-02-01,Movie,73.0,AniList,2012.0
1296,The Irregular at Magic High School The Movie: The Girl Who Summons the Stars,"Sci-Fi, Supernatural",8-bit,1,2017-06-01,Movie,72.0,AniList,2017.0
1302,Puella Magi Madoka Magica the Movie Part I: Beginnings,"Action, Drama, Fantasy, Mahou Shoujo, Psychological, Thriller",Aniplex,1,2012-10-01,Movie,80.0,AniList,2012.0
1303,Angel Beats!: Another Epilogue,"Drama, Supernatural",Aniplex,1,2010-12-01,Special,70.0,AniList,2010.0
1307,Children of the Sea,"Drama, Mystery, Supernatural",Studio 4°C,1,2019-06-01,Movie,72.0,AniList,2019.0
1312,"The Night is Short, Walk on Girl","Comedy, Romance",Science SARU,1,2017-04-01,Movie,81.0,AniList,2017.0
1315,Summer Ghost,"Drama, Supernatural",FLAT STUDIO,1,2021-11-01,Movie,78.0,AniList,2021.0
1317,Puella Magi Madoka Magica the Movie Part II: Eternal,"Action, Drama, Fantasy, Mahou Shoujo, Psychological, Thriller",Aniplex,1,2012-10-01,Movie,81.0,AniList,2012.0
1318,Hunter x Hunter: The Last Mission,"Action, Adventure, Fantasy",MADHOUSE,1,2013-12-01,Movie,70.0,AniList,2013.0
1321,Naruto the Movie: Ninja Clash in the Land of Snow,"Action, Adventure, Comedy, Drama, Supernatural",Studio Pierrot,1,2004-08-01,Movie,67.0,AniList,2004.0
1324,Mirai,"Adventure, Comedy, Drama, Fantasy, Slice of Life",Studio Chizu,1,2018-07-01,Movie,71.0,AniList,2018.0
1330,Toradora!: Bento Battle,"Comedy, Romance, Slice of Life",J.C.STAFF,1,2011-12-01,Ova,72.0,AniList,2011.0
1331,Date A Live II: Kurumi Star Festival,"Fantasy, Romance, Slice of Life",AIC Plus+,1,2014-12-01,Ova,76.0,AniList,2014.0
1338,Bungo Stray Dogs 2: Walking Alone,"Action, Comedy, Mystery, Supernatural",bones,1,2017-08-01,Ova,76.0,AniList,2017.0
1339,Mirai Nikki OVA,"Action, Supernatural",Asread,1,2010-12-01,Ova,65.0,AniList,2010.0
1346,The Place Promised in Our Early Days,"Drama, Romance, Sci-Fi",ADV Films,1,2004-11-01,Movie,68.0,AniList,2004.0
1347,Gintama: THE VERY FINAL,"Action, Comedy, Drama, Sci-Fi",Bandai Namco Pictures,1,2021-01-01,Movie,91.0,AniList,2021.0
1349,Black Butler: Book of the Atlantic,"Action, Comedy, Fantasy, Mystery, Supernatural",A-1 Pictures,1,2017-01-01,Movie,80.0,AniList,2017.0
1355,Is It Wrong to Try to Pick Up Girls in a Dungeon?: Is It Wrong to Expect a Hot Spring in a Dungeon?,"Adventure, Comedy, Ecchi, Fantasy, Romance",J.C.STAFF,1,2016-12-01,Ova,67.0,AniList,2016.0
1356,Berserk: The Golden Age Arc III - The Advent,"Action, Adventure, Drama, Fantasy, Horror, Supernatural",Horipro,1,2013-02-01,Movie,79.0,AniList,2013.0
1362,Trinity Seven: Eternal Library & Alchemic Girl,"Action, Comedy, Ecchi, Fantasy, Romance",Seven Arcs,1,2017-02-01,Movie,69.0,AniList,2017.0
1367,To Every You I’ve Loved Before,"Romance, Sci-Fi",BAKKEN RECORD,1,2022-10-01,Movie,74.0,AniList,2022.0
1370,Naruto Shippuden the Movie: Bonds,"Action, Supernatural",Studio Pierrot,1,2008-08-01,Movie,69.0,AniList,2008.0
1382,Gurren Lagann The Movie: The Lights in the Sky are Stars,"Action, Drama, Mecha, Romance, Sci-Fi",Gainax,1,2009-04-01,Movie,84.0,AniList,2009.0
1385,Berserk: The Golden Age Arc II - The Battle for Doldrey,"Action, Adventure, Drama, Fantasy, Horror, Supernatural",Horipro,1,2012-06-01,Movie,75.0,AniList,2012.0
1390,maboroshi,"Drama, Fantasy, Romance, Supernatural",MAPPA,1,2023-09-01,Movie,71.0,AniList,2023.0
1391,K-ON!: Live House!,"Comedy, Music, Slice of Life",Kyoto Animation,1,2010-01-01,Ova,77.0,AniList,2010.0
1436,Kabaneri of the Iron Fortress: The Battle of Unato,"Action, Drama, Fantasy, Horror, Supernatural",WIT STUDIO,1,2019-05-01,Movie,75.0,AniList,2019.0
1437,Initial D 3rd Stage,"Action, Drama, Romance, Sports",OB Planning,1,2001-01-01,Movie,78.0,AniList,2001.0
1452,Fairy Tail: Dragon Cry,"Action, Comedy, Fantasy",A-1 Pictures,1,2017-05-01,Movie,73.0,AniList,2017.0
1453,"To Me, The One Who Loved You","Romance, Sci-Fi",TMS Entertainment,1,2022-10-01,Movie,73.0,AniList,2022.0
1454,Ocean Waves,"Drama, Romance, Slice of Life",J.C.STAFF,1,1993-05-01,Special,63.0,AniList,1993.0
1468,Naruto Shippuden the Movie: The Will of Fire,"Action, Comedy",Studio Pierrot,1,2009-08-01,Movie,70.0,AniList,2009.0
1473,Another: The Other,"Horror, Mystery, Thriller",P.A.WORKS,1,2012-05-01,Ova,68.0,AniList,2012.0
1474,Dragon Ball Super: SUPER HERO,"Action, Adventure, Fantasy, Sci-Fi",Toei Animation,1,2022-06-01,Movie,76.0,AniList,2022.0
1481,Vampire Hunter D: Bloodlust,"Action, Adventure, Drama, Fantasy, Horror, Romance, Sci-Fi",MADHOUSE,1,2000-08-01,Movie,78.0,AniList,2000.0
1485,Bleach the Movie: Memories of Nobody,"Action, Adventure, Drama, Supernatural",Studio Pierrot,1,2006-12-01,Movie,70.0,AniList,2006.0
1486,Her Blue Sky,"Drama, Music, Romance, Slice of Life, Supernatural",CloverWorks,1,2019-10-01,Movie,73.0,AniList,2019.0
1488,Only Yesterday,"Drama, Romance, Slice of Life",Studio Ghibli,1,1991-07-01,Movie,73.0,AniList,1991.0
1490,Naruto the Movie: Legend of the Stone of Gelel,"Adventure, Comedy, Drama, Fantasy, Supernatural",Studio Pierrot,1,2005-08-01,Movie,65.0,AniList,2005.0
1493,Fruits Basket -prelude-,"Drama, Romance",TMS Entertainment,1,2022-02-01,Movie,83.0,AniList,2022.0
1496,Fairy Tail: Phoenix Priestess,"Action, Adventure, Comedy, Fantasy",TV Tokyo,1,2012-08-01,Movie,70.0,AniList,2012.0
1500,Pokémon the Movie 2000,"Action, Adventure, Drama, Fantasy",OLM,1,1999-07-01,Movie,71.0,AniList,1999.0
1515,Memories,"Adventure, Comedy, Drama, Horror, Mystery, Psychological, Sci-Fi",MADHOUSE,3,1995-12-01,Movie,75.0,AniList,1995.0
1516,Mob Psycho 100 II: The First Spirits and Such Company Trip ~A Journey that Mends the Heart and Heals the Soul~,"Action, Comedy, Supernatural",bones,1,2019-09-01,Ova,76.0,AniList,2019.0
1539,BLUE LOCK THE MOVIE -EPISODE NAGI-,"Action, Drama, Sports",8-bit,1,2024-04-01,Movie,74.0,AniList,2024.0
1543,Spice and Wolf II: Wolf and the Amber Melancholy,"Adventure, Fantasy, Romance",Funimation,1,2009-04-01,Ova,76.0,AniList,2009.0
1552,ORESUKI: Are you the only one who loves me?: Our Playball / Our End Run / Our Game,"Comedy, Drama, Romance, Slice of Life",CONNECT,1,2020-09-01,Ova,73.0,AniList,2020.0
1553,Prison School: Mad Wax,"Comedy, Ecchi, Romance",J.C.STAFF,1,2016-03-01,Ova,71.0,AniList,2016.0
1564,Pokémon 3: The Movie,"Action, Adventure, Drama, Fantasy",OLM,1,2000-07-01,Movie,68.0,AniList,2000.0
1569,Made in Abyss: Wandering Twilight,"Adventure, Drama, Fantasy, Horror, Mystery, Sci-Fi",Kinema Citrus,1,2019-01-01,Movie,83.0,AniList,2019.0
1573,Bleach the Movie: Hell Verse,"Action, Supernatural",Studio Pierrot,1,2010-12-01,Movie,73.0,AniList,2010.0
1589,Love Live! The School Idol Movie,"Music, Slice of Life",Sunrise,1,2015-06-01,Movie,77.0,AniList,2015.0
1593,Gurren Lagann The Movie: Childhood's End,"Action, Comedy, Drama, Mecha, Romance, Sci-Fi",Gainax,1,2008-09-01,Movie,79.0,AniList,2008.0
1594,"Love, Chunibyo & Other Delusions - Heart Throb -: The Rikka Wars/ Apocalypse of the Wicked Lord Shingan Reborn","Comedy, Romance, Slice of Life",Kyoto Animation,1,2014-09-01,Ova,73.0,AniList,2014.0
1598,Sing a Bit of Harmony,"Music, Sci-Fi",J.C.STAFF,1,2021-10-01,Movie,76.0,AniList,2021.0
1605,"High School DxD NEW OVA Oppai, Tsutsumimasu!","Comedy, Ecchi, Fantasy",Genco,1,2015-03-01,Ova,68.0,AniList,2015.0
1611,Beyond the Boundary -I'LL BE HERE-: Past,"Drama, Fantasy, Slice of Life, Supernatural",Kyoto Animation,1,2015-03-01,Movie,74.0,AniList,2015.0
1623,the Garden of sinners Chapter 8: The Final Chapter,"Mystery, Psychological, Supernatural",ufotable,1,2011-02-01,Ova,71.0,AniList,2011.0
1625,"Yahari Ore no Seishun Love Come wa Machigatteiru. Kan: Dakara, Shishunki wa Owarazu ni, Seishun wa Tsuzuiteiku.","Comedy, Drama, Romance, Slice of Life",feel.,1,2023-04-01,Ova,77.0,AniList,2023.0
1626,K-ON! Season 2: Plan!,"Comedy, Music, Slice of Life",Kyoto Animation,1,2011-03-01,Ova,77.0,AniList,2011.0
1630,Orange: Future,"Drama, Psychological, Romance, Sci-Fi, Supernatural",Telecom Animation Film,1,2016-11-01,Movie,73.0,AniList,2016.0
1632,Naruto the Movie: Guardians of the Crescent Moon Kingdom,"Action, Adventure",Studio Pierrot,1,2006-08-01,Movie,65.0,AniList,2006.0
1636,Bleach the Movie: The DiamondDust Rebellion,"Action, Adventure, Drama, Supernatural",Studio Pierrot,1,2007-12-01,Movie,69.0,AniList,2007.0
1641,Dragon Ball Z: Fusion Reborn,"Action, Adventure, Sci-Fi",Toei Animation,1,1995-03-01,Movie,73.0,AniList,1995.0
1652,Dragon Ball Z: Broly - The Legendary Super Saiyan,"Action, Adventure, Sci-Fi",Toei Animation,1,1993-03-01,Movie,70.0,AniList,1993.0
1656,Bleach the Movie: Fade to Black,"Action, Adventure, Drama, Supernatural",Studio Pierrot,1,2008-12-01,Movie,71.0,AniList,2008.0
1657,Tales from Earthsea,"Adventure, Fantasy",Studio Ghibli,1,2006-07-01,Movie,64.0,AniList,2006.0
1658,Fate/strange Fake -Whispers of Dawn-,"Action, Adventure, Fantasy, Mystery, Supernatural",A-1 Pictures,1,2023-07-01,Special,81.0,AniList,2023.0
1662,Fate/stay night: Unlimited Blade Works 2nd Season - sunny day,"Action, Fantasy",ufotable,1,2015-10-01,Special,73.0,AniList,2015.0
1675,Gintama - The Movie,"Action, Comedy, Sci-Fi",Sunrise,1,2010-04-01,Movie,83.0,AniList,2010.0
1686,Fullmetal Alchemist: The Sacred Star of Milos,"Action, Adventure, Comedy, Drama, Fantasy",bones,1,2011-07-01,Movie,69.0,AniList,2011.0
1692,HAIKYU!!: Lev Appears!,"Comedy, Drama, Sports",Production I.G,1,2014-11-01,Ova,75.0,AniList,2014.0
1695,ONE PIECE FAN LETTER,"Action, Adventure, Fantasy",Toei Animation,1,2024-10-01,Special,90.0,AniList,2024.0
1699,Pokémon 4Ever,"Action, Adventure, Comedy, Drama, Fantasy",OLM,1,2001-07-01,Movie,66.0,AniList,2001.0
1700,Penguin Highway,"Drama, Mystery, Sci-Fi, Slice of Life",Studio Colorido,1,2018-08-01,Movie,74.0,AniList,2018.0
1702,Ghost in the Shell 2: Innocence,"Action, Psychological, Sci-Fi",Production I.G,1,2004-03-01,Movie,75.0,AniList,2004.0
1706,Laid-Back Camp The Movie,"Comedy, Slice of Life",C-Station,1,2022-07-01,Movie,83.0,AniList,2022.0
1712,Assassination Classroom the Movie: 365 Days‘ Time,"Action, Comedy, Supernatural",Lerche,1,2016-11-01,Movie,71.0,AniList,2016.0
1714,Beyond the Boundary: Daybreak,"Drama, Fantasy, Mystery, Supernatural",Kyoto Animation,1,2014-07-01,Ova,74.0,AniList,2014.0
1716,Made in Abyss: Journey's Dawn,"Adventure, Drama, Fantasy, Horror, Mystery, Sci-Fi",Kinema Citrus,1,2019-01-01,Movie,80.0,AniList,2019.0
1739,Seraph of the End: Kyuuketsuki Shahal,"Action, Drama, Fantasy, Supernatural",WIT STUDIO,1,2016-05-01,Ova,71.0,AniList,2016.0
1753,TONIKAWA: Over The Moon For You ~Uniform~,"Comedy, Romance, Slice of Life",Seven Arcs,1,2022-11-01,Special,77.0,AniList,2022.0
1754,Is It Wrong to Try to Pick Up Girls in a Dungeon? II: Is It Wrong to Go Searching for Herbs on a Deserted Island?,"Adventure, Comedy, Ecchi, Fantasy, Romance",J.C.STAFF,1,2020-01-01,Ova,63.0,AniList,2020.0
1764,Hal,"Drama, Romance, Sci-Fi",Funimation,1,2013-06-01,Movie,70.0,AniList,2013.0
1771,Recovery of an MMO Junkie OVA,"Comedy, Fantasy, Romance, Slice of Life",Signal.MD,1,2017-12-01,Ova,72.0,AniList,2017.0
1775,Steins;Gate 0: Valentine's of Crystal Polymorphism -Bittersweet Intermedio-,"Comedy, Sci-Fi",WHITE FOX,1,2018-12-01,Ova,71.0,AniList,2018.0
1781,Trinity Seven: Heavens Library & Crimson Lord,"Action, Comedy, Ecchi, Fantasy, Romance",Seven Arcs,1,2019-03-01,Movie,71.0,AniList,2019.0
1782,Dragon Ball Z: Cooler's Revenge,"Action, Adventure, Sci-Fi",Toei Animation,1,1991-07-01,Movie,67.0,AniList,1991.0
1786,Voices of a Distant Star,"Drama, Mecha, Romance, Sci-Fi",ADV Films,1,2002-02-01,Ova,64.0,AniList,2002.0
1787,Code Geass: Akito the Exiled - The Wyvern Arrives,"Action, Mecha, Sci-Fi",Sunrise,1,2012-08-01,Movie,69.0,AniList,2012.0
1790,The Moment You Fall in Love,"Drama, Romance, Slice of Life",Qualia Animation,1,2016-12-01,Movie,68.0,AniList,2016.0
1793,Mob Psycho 100 REIGEN The Miraculous Unknown Psychic,"Action, Comedy, Supernatural",bones,1,2018-03-01,Ova,72.0,AniList,2018.0
1796,A Certain Magical Index: The Miracle of Endymion,"Action, Music, Sci-Fi",J.C.STAFF,1,2013-02-01,Movie,72.0,AniList,2013.0
1798,"The Testament of Sister New Devil: Tojo Basara's Hard, Sweet Daily Life","Action, Ecchi, Fantasy, Romance",Production IMS,1,2015-06-01,Ova,65.0,AniList,2015.0
1801,Masamune-kun's Revenge OAD,"Comedy, Romance, Slice of Life",SILVER LINK.,1,2018-07-01,Ova,64.0,AniList,2018.0
1802,Boku no Hero Academia: Training of the Dead,"Action, Adventure, Comedy, Supernatural",bones,1,2017-06-01,Ova,68.0,AniList,2017.0
1817,Elfen Lied: Just How Did the Young Girl Arrive at Those Feelings?,"Action, Drama, Ecchi, Horror, Psychological, Romance, Supernatural",VAP,1,2005-04-01,Ova,65.0,AniList,2005.0
1821,the Garden of sinners -recalled out summer-,"Drama, Mystery, Supernatural",ufotable,1,2013-09-01,Movie,78.0,AniList,2013.0
1837,Persona 3 the Movie: #1 Spring of Birth,"Action, Adventure, Drama, Psychological, Sci-Fi, Supernatural",AIC A.S.T.A.,1,2013-11-01,Movie,73.0,AniList,2013.0
1840,The Seven Deadly Sins: Cursed by Light,"Action, Adventure, Comedy, Ecchi, Fantasy",Studio DEEN,1,2021-07-01,Movie,70.0,AniList,2021.0
1843,Fate/Grand Order Divine Realm of the Round Table: Camelot - Wandering; Agateram,"Action, Fantasy",Production I.G,1,2020-12-01,Movie,68.0,AniList,2020.0
1846,Eden of the East the Movie I: The King of Eden,"Action, Comedy, Drama, Mystery, Romance, Slice of Life",Production I.G,1,2009-11-01,Movie,72.0,AniList,2009.0
1852,PSYCHO-PASS Sinners of the System: Case.1 Crime and Punishment,"Action, Psychological, Sci-Fi, Thriller",Production I.G,1,2019-01-01,Movie,70.0,AniList,2019.0
1853,Mary and The Witch's Flower,"Adventure, Fantasy",Studio Ponoc,1,2017-07-01,Movie,71.0,AniList,2017.0
1857,Dragon Ball Z: Wrath of the Dragon,"Action, Adventure, Sci-Fi",Toei Animation,1,1995-07-01,Movie,70.0,AniList,1995.0
1862,MUSHI-SHI OVA,"Adventure, Fantasy, Mystery, Psychological, Slice of Life, Supernatural",Artland,1,2014-01-01,Special,83.0,AniList,2014.0
1867,Trinity Seven: Nanatsu no Taizai to Nana Madoushi,"Action, Comedy, Ecchi, Fantasy, Romance",Seven Arcs,1,2015-03-01,Ova,70.0,AniList,2015.0
1871,Sound! Euphonium: The Movie - Our Promise: A Brand New Day,"Drama, Music, Slice of Life",Kyoto Animation,1,2019-04-01,Movie,77.0,AniList,2019.0
1874,Ninja Scroll,"Action, Adventure, Fantasy, Horror, Romance",Movic,1,1993-06-01,Movie,72.0,AniList,1993.0
1876,Dragon Ball Z: Broly - Second Coming,"Action, Adventure, Sci-Fi",Toei Animation,1,1994-03-01,Movie,64.0,AniList,1994.0
1886,Super Danganronpa 2.5 Komaeda Nagito to Sekai no Hakaimono,"Action, Mystery, Psychological, Sci-Fi",Lerche,1,2017-01-01,Ova,69.0,AniList,2017.0
1893,Aura,"Comedy, Drama, Romance",AIC A.S.T.A.,1,2013-04-01,Movie,70.0,AniList,2013.0
1895,HAIKYU!!: VS Failing Marks,"Comedy, Drama, Sports",Production I.G,1,2015-11-01,Special,76.0,AniList,2015.0
1898,High School DxD BorN: Yomigaeranai Fushichou,"Action, Comedy, Ecchi, Fantasy",TNK,1,2015-12-01,Ova,70.0,AniList,2015.0
1904,Fate/Prototype,"Action, Fantasy, Romance",Lerche,1,2011-12-01,Ova,63.0,AniList,2011.0
1908,Attack on Titan ~Chronicle~,"Action, Drama, Fantasy, Mystery",WIT STUDIO,1,2020-07-01,Movie,76.0,AniList,2020.0
1909,Tekkonkinkreet,"Action, Psychological, Supernatural",Horipro,1,2006-12-01,Movie,76.0,AniList,2006.0
1920,ONE PIECE: The Movie,"Action, Adventure, Comedy, Fantasy",Toei Animation,1,2000-03-01,Movie,67.0,AniList,2000.0
1924,"Love, Chunibyo & Other Delusions: Rikka Version","Comedy, Drama, Romance, Slice of Life",Kyoto Animation,1,2013-09-01,Movie,72.0,AniList,2013.0
1934,Mobile Suit Gundam: The Witch from Mercury - PROLOGUE,"Mecha, Sci-Fi",Sunrise,1,2022-07-01,Special,78.0,AniList,2022.0
1937,My Hero Academia: You’re Next,"Action, Adventure, Sci-Fi",bones,1,2024-08-01,Movie,76.0,AniList,2024.0
1938,Metropolis,"Adventure, Drama, Romance, Sci-Fi",MADHOUSE,1,2001-05-01,Movie,73.0,AniList,2001.0
1945,Pokémon Heroes,"Action, Adventure, Comedy, Drama, Fantasy",OLM,1,2002-07-01,Movie,69.0,AniList,2002.0
1946,The Irregular at Magic High School: Reminiscence Arc,"Action, Romance, Sci-Fi, Supernatural",8-bit,1,2021-12-01,Special,75.0,AniList,2021.0
1949,Date A Bullet: Dead or Bullet & Nightmare or Queen,Sci-Fi,GEEKTOYS,1,2020-08-01,Movie,73.0,AniList,2020.0
1958,Your lie in April: Moments,"Music, Slice of Life",A-1 Pictures,1,2015-05-01,Ova,74.0,AniList,2015.0
1959,Dragon Ball Z: The Return of Cooler,"Action, Adventure, Sci-Fi",Toei Animation,1,1992-03-01,Movie,64.0,AniList,1992.0
1965,Dragon Ball Z: Bio-Broly,"Action, Adventure, Sci-Fi",Toei Animation,1,1994-07-01,Movie,52.0,AniList,1994.0
1966,Hajime no Ippo: The Fighting! - Champion Road,"Comedy, Sports",MADHOUSE,1,2003-04-01,Special,80.0,AniList,2003.0
1968,Lupin The 3rd: The Castle of Cagliostro,"Action, Adventure, Comedy, Mystery",Tokyo Movie Shinsha,1,1979-12-01,Movie,80.0,AniList,1979.0
1970,Ao Haru Ride: unwritten,"Romance, Slice of Life",Production I.G,1,2014-08-01,Ova,72.0,AniList,2014.0
1971,Dragon Ball Z: Bojack Unbound,"Action, Adventure, Sci-Fi",Toei Animation,1,1993-07-01,Movie,67.0,AniList,1993.0
1978,MUSHI-SHI Special: Bell Droplets,"Adventure, Fantasy, Mystery, Psychological, Slice of Life, Supernatural",Artland,1,2015-05-01,Movie,84.0,AniList,2015.0
1979,PSYCHO-PASS Sinners of the System: Case.2 First Guardian,"Action, Psychological, Sci-Fi, Thriller",Production I.G,1,2019-02-01,Movie,73.0,AniList,2019.0
1980,BLACKFOX,"Action, Sci-Fi",Studio 3Hz,1,2019-10-01,Movie,64.0,AniList,2019.0
1985,Code Geass: Lelouch of the Rebellion I - Initiation,"Action, Drama, Mecha, Sci-Fi, Thriller",Sunrise,1,2017-10-01,Movie,76.0,AniList,2017.0
1987,One Piece: Baron Omatsuri and the Secret Island,"Adventure, Comedy, Fantasy",Toei Animation,1,2005-03-01,Movie,77.0,AniList,2005.0
1994,Pokémon: Lucario and the Mystery of Mew,"Action, Adventure, Drama, Fantasy",OLM,1,2005-07-01,Movie,71.0,AniList,2005.0
1996,Dragon Ball Z: The Tree of Might,"Action, Adventure, Sci-Fi",Toei Animation,1,1990-07-01,Movie,62.0,AniList,1990.0
2000,Fate/kaleid liner Prisma☆Illya: Vow in the Snow,"Action, Drama, Fantasy, Psychological",SILVER LINK.,1,2017-08-01,Movie,78.0,AniList,2017.0
2001,Clannad: The Motion Picture,"Drama, Fantasy, Romance",Toei Animation,1,2007-09-01,Movie,66.0,AniList,2007.0
2006,given: on the other hand,"Drama, Music, Romance, Slice of Life",Lerche,1,2021-12-01,Ova,81.0,AniList,2021.0
2012,Pom Poko,"Comedy, Drama, Fantasy",Kyoto Animation,1,1994-06-01,Movie,70.0,AniList,1994.0
2014,Dragon Ball: Episode of Bardock,"Action, Adventure, Comedy, Sci-Fi",Toei Animation,1,2011-12-01,Special,68.0,AniList,2011.0
2022,Girls und Panzer der Film,"Action, Sports",Actas,1,2015-11-01,Movie,81.0,AniList,2015.0
2027,Amagi Brilliant Park: No Time to Take It Easy!,"Comedy, Fantasy",Kyoto Animation,1,2015-06-01,Ova,70.0,AniList,2015.0
2028,Black★Rock Shooter (OVA),"Action, Drama, Slice of Life",Rakuonsha,1,2010-07-01,Ova,66.0,AniList,2010.0
2031,Pokémon: The Rise of Darkrai,"Action, Adventure, Comedy, Drama, Fantasy",OLM,1,2007-07-01,Movie,70.0,AniList,2007.0
2037,PSYCHO-PASS Sinners of the System: Case.3 Beyond the Pale of Vengeance,"Action, Psychological, Sci-Fi, Thriller",Production I.G,1,2019-03-01,Movie,76.0,AniList,2019.0
2042,Haven't You Heard? I'm Sakamoto: Haven’t You Heard? I was Sakamoto,"Comedy, Slice of Life",Studio DEEN,1,2016-09-01,Ova,67.0,AniList,2016.0
2047,Corpse Party: Missing Footage,Horror,Asread,1,2012-08-01,Ova,53.0,AniList,2012.0
2050,Miss Kobayashi’s Dragon Maid S: Japanese Hospitality (The Attendant Is a Dragon),"Comedy, Fantasy, Slice of Life",Kyoto Animation,1,2022-01-01,Ova,77.0,AniList,2022.0
2051,Haganai: Episode 0,"Comedy, Romance",AIC Build,1,2011-09-01,Ova,63.0,AniList,2011.0
2052,"Omoi, Omoware, Furi, Furare","Drama, Romance",A-1 Pictures,1,2020-09-01,Movie,71.0,AniList,2020.0
2054,Pokémon: Destiny Deoxys,"Action, Adventure, Comedy, Fantasy, Sci-Fi, Supernatural",OLM,1,2004-07-01,Movie,67.0,AniList,2004.0
2058,Maid-Sama! It's an extra!,Comedy,J.C.STAFF,1,2011-05-01,Special,72.0,AniList,2011.0
2059,Darker than Black: Beneath Cherry Blossoms in Full Bloom,"Comedy, Sci-Fi",bones,1,2008-03-01,Special,72.0,AniList,2008.0
2061,Lucky☆Star OVA,"Comedy, Slice of Life",Kyoto Animation,1,2008-09-01,Ova,76.0,AniList,2008.0
2069,The Girl from the Other Side,"Drama, Fantasy, Mystery",WIT STUDIO,1,2022-03-01,Ova,75.0,AniList,2022.0
2079,Assassination Classroom: Meeting Time,"Action, Comedy, Supernatural",Lerche,1,2014-11-01,Special,71.0,AniList,2014.0
2081,Cencoroll,"Action, Sci-Fi",Aniplex,1,2009-07-01,Movie,68.0,AniList,2009.0
2083,Boruto: Naruto the Movie - The Day Naruto Became Hokage,"Action, Comedy",Unknown,1,2016-07-01,Special,70.0,AniList,2016.0
2086,Dragon Ball Z: Super Android 13!,"Action, Adventure, Sci-Fi",Toei Animation,1,1992-07-01,Movie,64.0,AniList,1992.0
2094,Trigun: Badlands Rumble,"Action, Comedy, Sci-Fi",MADHOUSE,1,2010-04-01,Movie,76.0,AniList,2010.0
2099,VAMPIRE HUNTER D,"Action, Fantasy, Horror, Sci-Fi, Supernatural",Ajiado,1,1985-12-01,Movie,65.0,AniList,1985.0
2100,IS: Infinite Stratos Encore: A Sextet Yearning for Love,"Action, Comedy, Mecha, Sci-Fi",Sentai Filmworks,1,2011-12-01,Ova,64.0,AniList,2011.0
2101,Time of Eve: The Movie,"Sci-Fi, Slice of Life",Studio Rikka,1,2010-03-01,Movie,77.0,AniList,2010.0
2103,Fate/Grand Order Divine Realm of the Round Table: Camelot - Paladin; Agateram,"Action, Fantasy",Production I.G,1,2021-05-01,Movie,75.0,AniList,2021.0
2110,BLAME!,"Action, Drama, Horror, Psychological, Sci-Fi",POLYGON PICTURES,1,2017-05-01,Movie,68.0,AniList,2017.0
2111,Dragon Ball Z: Lord Slug,"Action, Adventure, Sci-Fi",Toei Animation,1,1991-03-01,Movie,61.0,AniList,1991.0
2112,Dragon Ball Z: Dead Zone,"Action, Adventure, Sci-Fi",Toei Animation,1,1989-07-01,Movie,62.0,AniList,1989.0
2114,Attack on Titan Part II: Wings of Freedom,"Action, Drama, Fantasy",WIT STUDIO,1,2015-06-01,Movie,76.0,AniList,2015.0
2115,Final Fantasy VII: Advent Children,"Action, Fantasy, Sci-Fi",Square Enix,1,2005-09-01,Movie,71.0,AniList,2005.0
2117,Eden of the East the Movie II: Paradise Lost,"Action, Comedy, Drama, Mystery, Romance",Production I.G,1,2010-03-01,Movie,72.0,AniList,2010.0
2123,Code Geass: Akito the Exiled - The Wyvern Divided,"Action, Mecha, Sci-Fi",Sunrise,1,2013-09-01,Movie,71.0,AniList,2013.0
2127,Blue Exorcist: Runaway Kuro,"Action, Comedy, Fantasy, Supernatural",Aniplex,1,2011-10-01,Ova,69.0,AniList,2011.0
2129,Fate/Grand Order Final Singularity - Grand Temple of Time: Solomon,"Action, Fantasy, Supernatural",CloverWorks,1,2021-07-01,Movie,76.0,AniList,2021.0
2130,Saint☆Onii-san,"Comedy, Slice of Life, Supernatural",Aniplex,1,2013-05-01,Movie,75.0,AniList,2013.0
2131,Haganai: Add-on Disc,"Comedy, Romance",Funimation,1,2012-09-01,Ova,67.0,AniList,2012.0
2133,Mind Game,"Adventure, Comedy, Psychological, Romance",Horipro,1,2004-08-01,Movie,76.0,AniList,2004.0
2135,Karakai Jouzu no Takagi-san: Water Slide,"Comedy, Romance, Slice of Life",Shin-Ei Animation,1,2018-07-01,Ova,73.0,AniList,2018.0
2137,"The Girl From the Other Side: Siúil, a Rún","Fantasy, Mystery",WIT STUDIO,1,2019-09-01,Ova,74.0,AniList,2019.0
2143,Blood Lad: Wagahai wa Neko de wa Nai,"Action, Comedy, Supernatural",Brain's Base,1,2013-12-01,Ova,68.0,AniList,2013.0
2146,Haikyu!! The Movie: Battle of Concepts,"Comedy, Drama, Sports",Production I.G,1,2017-09-01,Movie,80.0,AniList,2017.0
2149,Code Geass: Lelouch of the Rebellion III - Glorification,"Action, Drama, Mecha, Sci-Fi, Thriller",Sunrise,1,2018-05-01,Movie,77.0,AniList,2018.0
2151,Nichijou - My Ordinary Life: Episode 0,"Comedy, Slice of Life",Kyoto Animation,1,2011-03-01,Ova,73.0,AniList,2011.0
2152,Food Wars! The Third Plate: Erina at Polar Star Dormitory,"Drama, Ecchi",J.C.STAFF,1,2018-05-01,Ova,72.0,AniList,2018.0
2156,Attack on Titan Part I: Crimson Bow and Arrow,"Action, Drama, Fantasy",WIT STUDIO,1,2014-11-01,Movie,75.0,AniList,2014.0
2158,The Testament of Sister New Devil DEPARTURES,"Action, Ecchi, Fantasy, Romance",Production IMS,1,2018-01-01,Ova,66.0,AniList,2018.0
2162,MUSHI-SHI The Next Passage Special - Path of Thorns,"Adventure, Fantasy, Mystery, Psychological, Slice of Life, Supernatural",Artland,1,2014-08-01,Special,82.0,AniList,2014.0
2164,Isekai Quartet The Movie: Another World,"Comedy, Fantasy",Studio PuYUKAI,1,2022-06-01,Movie,73.0,AniList,2022.0
2169,Dragon Ball Z: Bardock – The Father of Goku,"Action, Adventure, Sci-Fi",Toei Animation,1,1990-10-01,Special,73.0,AniList,1990.0
2177,Non Non Biyori Vacation,"Comedy, Slice of Life",SILVER LINK.,1,2018-08-01,Movie,81.0,AniList,2018.0
2178,Is It Wrong to Try to Pick Up Girls in a Dungeon? III: Is It Wrong to Try to Find a Hot Spring in Orario? -Bath God Forever-,"Action, Adventure, Comedy, Ecchi, Fantasy, Romance",J.C.STAFF,1,2021-04-01,Ova,67.0,AniList,2021.0
2181,Teasing Master Takagi-san: The Movie,"Comedy, Romance, Slice of Life",Shin-Ei Animation,1,2022-06-01,Movie,84.0,AniList,2022.0
2183,Fate/Grand Order Absolute Demonic Front: Babylonia - Initium Iter,"Action, Fantasy, Supernatural",CloverWorks,1,2019-08-01,Special,70.0,AniList,2019.0
2184,Hajime no Ippo: The Fighting! - Mashiba vs Kimura,"Comedy, Sports",MADHOUSE,1,2003-09-01,Ova,81.0,AniList,2003.0
2185,Yuri on Ice Side Story: Welcome to The Madness,"Music, Sports",MAPPA,1,2017-05-01,Special,78.0,AniList,2017.0
2186,High Speed! -Free! Starting Days-,"Comedy, Drama, Slice of Life, Sports",Kyoto Animation,1,2015-12-01,Movie,77.0,AniList,2015.0
2191,Dragon Ball Z: The History of Trunks,"Action, Adventure, Drama",Toei Animation,1,1993-02-01,Special,76.0,AniList,1993.0
2192,Heaven's Lost Property the Movie: The Angeloid of Clockwork,"Comedy, Drama, Ecchi, Romance, Sci-Fi",AIC A.S.T.A.,1,2011-06-01,Movie,71.0,AniList,2011.0
2198,The World God Only Knows: 4 Girls and an Idol,"Comedy, Romance, Supernatural",NBCUniversal Entertainment Japan,1,2011-09-01,Ova,70.0,AniList,2011.0
2200,Pompo: The Cinéphile,"Comedy, Drama",CLAP,1,2021-06-01,Movie,81.0,AniList,2021.0
2221,Cat Soup,"Comedy, Horror, Psychological",J.C.STAFF,1,2001-02-01,Ova,71.0,AniList,2001.0
2226,Expelled From Paradise,"Action, Mecha, Sci-Fi",Toei Animation,1,2014-11-01,Movie,70.0,AniList,2014.0
2230,THE FIRST SLAM DUNK,Sports,Toei Animation,1,2022-12-01,Movie,87.0,AniList,2022.0
2241,Boku no Pico,"Hentai, Romance",Natural High,1,2006-09-01,Ova,33.0,AniList,2006.0
2243,Pokémon: Jirachi Wish Maker,"Action, Adventure, Comedy, Drama, Fantasy",TV Tokyo,1,2003-07-01,Movie,65.0,AniList,2003.0
2245,Haikyu!! The Movie: Talent and Sense,"Comedy, Drama, Sports",Production I.G,1,2017-09-01,Movie,79.0,AniList,2017.0
2250,Pokémon: Giratina and the Sky Warrior,"Action, Adventure, Fantasy",OLM,1,2008-07-01,Movie,66.0,AniList,2008.0
2253,"NEW GAME!: Watashi, Shainryokoutte Hajimete na no de...",Comedy,Doga Kobo,1,2017-05-01,Ova,72.0,AniList,2017.0
2254,Digimon Adventure tri. Chapter 1: Reunion,"Action, Adventure, Drama, Fantasy, Sci-Fi",Toei Animation,1,2015-11-01,Movie,71.0,AniList,2015.0
2258,Sword Art Online Movie: Ordinal Scale - Sword Art Offline,"Comedy, Fantasy",Unknown,1,2017-09-01,Special,71.0,AniList,2017.0
2260,Dead Leaves,"Action, Adventure, Comedy, Psychological, Sci-Fi",Production I.G,1,2004-01-01,Movie,69.0,AniList,2004.0
2266,Free! -Take Your Marks-,"Comedy, Slice of Life, Sports",Kyoto Animation,4,2017-10-01,Movie,76.0,AniList,2017.0
2270,"Lord El-Melloi II's Case Files {Rail Zeppelin} Grace note - A Grave Keeper, a Cat, and a Mage","Drama, Fantasy, Mystery, Supernatural",TROYCA,1,2018-12-01,Special,70.0,AniList,2018.0
2271,Pokémon: Arceus and the Jewel of Life,"Action, Adventure, Comedy, Fantasy",OLM,1,2009-07-01,Movie,68.0,AniList,2009.0
2279,Kuroko's Basketball: Tip Off,"Comedy, Sports",Production I.G,1,2013-02-01,Special,75.0,AniList,2013.0
2280,Deadman Wonderland: The Red Knife Wielder,"Action, Horror, Sci-Fi",Manglobe,1,2011-10-01,Ova,65.0,AniList,2011.0
2284,Dragon Ball Z: The World's Strongest,"Action, Adventure, Sci-Fi",Toei Animation,1,1990-03-01,Movie,61.0,AniList,1990.0
2286,BLOOD-C: The Last Dark,"Action, Horror, Supernatural",Production I.G,1,2012-06-01,Movie,68.0,AniList,2012.0
2291,Code Geass: Akito the Exiled - The Brightness Falls,"Action, Mecha, Sci-Fi",Sunrise,1,2015-05-01,Movie,69.0,AniList,2015.0
2298,Grisaia: Phantom Trigger THE ANIMATION,Action,Bibury Animation Studios,2,2019-03-01,Movie,67.0,AniList,2019.0
2306,One Piece: Clockwork Island Adventure,"Action, Adventure, Comedy, Fantasy",Toei Animation,1,2001-03-01,Movie,67.0,AniList,2001.0
2311,FAIRY TAIL × RAVE,"Action, Adventure, Comedy, Fantasy",A-1 Pictures,1,2013-08-01,Ova,67.0,AniList,2013.0
2312,Code Geass: Lelouch of the Rebellion II - Transgression,"Action, Drama, Mecha, Sci-Fi, Thriller",Sunrise,1,2018-02-01,Movie,73.0,AniList,2018.0
2316,Persona 3 the Movie: #2 Midsummer Knight's Dream,"Action, Adventure, Drama, Psychological, Sci-Fi, Supernatural",Aniplex,1,2014-06-01,Movie,74.0,AniList,2014.0
2343,"Sound! Euphonium: Ready, Set, Monaka","Drama, Music, Slice of Life",Kyoto Animation,1,2015-12-01,Ova,74.0,AniList,2015.0
2349,The Seven Deadly Sins: Revival of the Commandments OVA,"Action, Adventure, Fantasy",A-1 Pictures,1,2018-11-01,Ova,68.0,AniList,2018.0
2350,Nekopara OVA,"Comedy, Romance, Slice of Life",Felix Film,1,2017-12-01,Ova,65.0,AniList,2017.0
2354,Free! the Final Stroke: The First Volume,"Drama, Slice of Life, Sports",Kyoto Animation,1,2021-09-01,Movie,76.0,AniList,2021.0
2355,Wagnaria!!3: Lord of the Takanashi,"Comedy, Slice of Life",A-1 Pictures,1,2015-12-01,Special,80.0,AniList,2015.0
2356,Over the Sky,Fantasy,Digital Network Animation,1,2020-11-01,Movie,57.0,AniList,2020.0
2358,Haikyu!! the Movie: The End and the Beginning,"Comedy, Drama, Sports",Production I.G,1,2015-07-01,Movie,78.0,AniList,2015.0
2361,Cardcaptor Sakura the Movie 2: The Sealed Card,"Drama, Fantasy, Mahou Shoujo, Romance",MADHOUSE,1,2000-07-01,Movie,80.0,AniList,2000.0
2364,Digimon Adventure (Movie),"Fantasy, Sci-Fi",Toei Animation,1,1999-03-01,Movie,74.0,AniList,1999.0
2366,"Why the hell are you here, Teacher!?: Thirteenth Period","Comedy, Ecchi, Romance",Tear-Studio,1,2019-12-01,Special,66.0,AniList,2019.0
2376,Hanasaku Iroha the Movie ~ HOME SWEET HOME ~,"Comedy, Drama, Slice of Life",Lantis,1,2013-03-01,Movie,77.0,AniList,2013.0
2383,My First Girlfriend is a Gal OVA,"Comedy, Ecchi, Romance",NAZ,1,2017-12-01,Ova,62.0,AniList,2017.0
2389,One Piece The Movie: The Dead End Adventure,"Action, Adventure, Comedy, Fantasy",Toei Animation,1,2003-03-01,Movie,72.0,AniList,2003.0
2394,Psychic School Wars,"Romance, Sci-Fi",Sunrise,1,2012-10-01,Movie,65.0,AniList,2012.0
2397,NiNoKuni,"Action, Adventure, Fantasy, Romance",OLM,1,2019-08-01,Movie,63.0,AniList,2019.0
2398,The Testament of Sister New Devil BURST: Tojo Basara’s Perfectly Peaceful Daily Life,"Action, Ecchi, Fantasy, Romance",Production IMS,1,2016-01-01,Ova,64.0,AniList,2016.0
2415,Attack on Titan: The Roar of Awakening,"Action, Drama, Fantasy, Mystery",WIT STUDIO,1,2018-01-01,Movie,77.0,AniList,2018.0
2418,My Happy Marriage: The Shape of My Happiness,"Drama, Romance, Supernatural",Kinema Citrus,1,2024-03-01,Ova,76.0,AniList,2024.0
2421,Haikyuu!! the Movie: The Winner and the Loser,"Comedy, Drama, Sports",Production I.G,1,2015-09-01,Movie,78.0,AniList,2015.0
2423,BOCCHI THE ROCK! Recap Part 1,"Comedy, Music, Slice of Life",CloverWorks,1,2024-06-01,Movie,83.0,AniList,2024.0
2424,Overlord: The Undead King,"Action, Adventure, Fantasy",MADHOUSE,1,2017-02-01,Movie,74.0,AniList,2017.0
2425,Code Geass: Akito the Exiled - Memories of Hatred,"Action, Mecha, Sci-Fi",Sunrise,1,2015-07-01,Movie,69.0,AniList,2015.0
2427,La Maison en Petits Cubes,Drama,Oh! Production,1,2008-06-01,Movie,76.0,AniList,2008.0
2428,Guilty Crown: Lost Christmas,"Action, Drama, Sci-Fi",Production I.G,1,2012-07-01,Special,64.0,AniList,2012.0
2431,"Problem Children Are Coming From Another World, Aren't They? OVA","Comedy, Ecchi, Fantasy, Supernatural",diomedéa,1,2013-07-01,Ova,69.0,AniList,2013.0
2439,Cross Road,Slice of Life,The Answer Studio,1,2014-02-01,Special,69.0,AniList,2014.0
2451,Pokémon Ranger and the Temple of the Sea,"Action, Adventure, Fantasy",OLM,1,2006-07-01,Movie,65.0,AniList,2006.0
2452,Aki-Sora,"Ecchi, Romance",Frontier Works,1,2009-12-01,Ova,53.0,AniList,2009.0
2453,YuruYuri Nachuyachumi!,"Comedy, Slice of Life",TYO Animations,1,2015-02-01,Ova,77.0,AniList,2015.0
2454,"Black Butler: His Butler, Performer","Comedy, Fantasy, Supernatural",A-1 Pictures,1,2009-09-01,Special,71.0,AniList,2009.0
2455,One Piece 3D2Y: Overcome Ace’s Death! Luffy’s Vow to his Friends,"Action, Comedy, Fantasy",Toei Animation,1,2014-08-01,Special,76.0,AniList,2014.0
2456,The Colors Within,Music,Science SARU,1,2024-08-01,Movie,79.0,AniList,2024.0
2457,Tonari no Kaibutsu-kun: Tonari no Gokudou-kun,"Comedy, Romance, Slice of Life",Brain's Base,1,2013-08-01,Ova,67.0,AniList,2013.0
2459,GANTZ:O,"Action, Drama, Ecchi, Horror, Psychological, Sci-Fi, Supernatural",Digital Frontier,1,2016-10-01,Movie,71.0,AniList,2016.0
2475,"Is This a Zombie? Of the Dead: Yes, This Suits Me Just Fine","Action, Comedy, Ecchi, Supernatural",Studio DEEN,1,2012-10-01,Ova,70.0,AniList,2012.0
2478,JoJo no Kimyou na Bouken: Phantom Blood,"Action, Adventure, Horror",Bandai,1,2007-02-01,Movie,76.0,AniList,2007.0
2483,Persona 3 the Movie: #3 Falling Down,"Action, Adventure, Drama, Psychological, Sci-Fi, Supernatural",A-1 Pictures,1,2015-04-01,Movie,74.0,AniList,2015.0
2488,Dorohedoro: Ma no Omake,"Comedy, Fantasy, Horror",MAPPA,1,2020-06-01,Ova,71.0,AniList,2020.0
2489,"Sankarea: I, Too, Am... A Zombie...","Comedy, Ecchi, Horror, Romance, Supernatural",Studio DEEN,1,2012-11-01,Special,70.0,AniList,2012.0
2492,The Empire of Corpses,"Action, Adventure, Psychological, Sci-Fi",WIT STUDIO,1,2015-10-01,Movie,65.0,AniList,2015.0
